{
  "tag": "Motivational Videos",
  "about": "Videos",

  "videoslist": [
    {"qid":"Mahatma Gandhi","qdata": "ept8hwPQQNg"},
    {"qid":"Abraham Lincoln","qdata":"L80_q2tPveo"},
    {"qid":"Muhammad Ali ","qdata":"jIxbhA4su0g"},
    {"qid":"Usain Bolt","qdata":"5C286J4nnwA"},
    {"qid":"Neil Armstrong","qdata":"BS87_h-P02M"},
    {"qid":"Sardar Vallabhbhai Patel","qdata":"d79-S0ZMOpg"},
    {"qid":"Albert Einstein","qdata":"KyjQJBDD5V4"},
    {"qid":"Mark Zuckerberg","qdata":"RCqzT3ezz0A"},
    {"qid":"Steve Jobs","qdata":"tvXUHY4z0As"},
    {"qid":"Bruce Lee","qdata":"5F3-DKHtRRw"},
    {"qid":"Barack Obama","qdata":"1-IgxSn21jU"},
    {"qid":"Stephen Hawking","qdata":"lr6XbwSOBxM"},
    {"qid":"Walt Disney","qdata":"9hXsLTcgmLQ"},
    {"qid":"Isaac Newton","qdata":"PCxP24qj2UQ"},
    {"qid":"Cristiano Ronaldo","qdata":"83ctgJxWvCE"},
    {"qid":"Che Guevara","qdata":"f3UwlmQn0ks"},
    {"qid":"D3dup5NA9Y0","qdata":"D3dup5NA9Y0"},
    {"qid":"mR7Dskv0dKY","qdata":"mR7Dskv0dKY"},
    {"qid":"Karl Marx","qdata":"16IMc5mhbZk"},
    {"qid":"William Shakespeare","qdata":"geev441vbMI"},
    {"qid":"Thomas Edison","qdata":"HQ2RJC1a8T0"},
    {"qid":" Adolf Hitler","qdata":"0rZ4xwuAWFE"}

  ]
}