{
  "tag": "Motivational Quotes",
  "about": "Mahatma Gandhi",
  "no_of_quotes": "10",
  "quotes": [
    {"qid":"1","quote": "You must be the change you wish to see in the world."},
    {"qid":"2","quote": "First they ignore you, then they laugh at you, then they fight you, then you win."},
    {"qid":"3","quote": "Live as if you were to die tomorrow; learn as if you were to live forever."},
    {"qid":"4","quote": "An eye for eye only ends up making the whole world blind."},
    {"qid":"5","quote": "Where there is love there is life."},
    {"qid":"6","quote": "I like your Christ, I do not like your Christians. Your Christians are so unlike your Christ."},
    {"qid":"7","quote": "The greatness of a nation can be judged by the way its animals are treated."},
    {"qid":"8","quote": "Happiness is when what you think, what you say, and what you do are in harmony."},
    {"qid":"9","quote": "You must not lose faith in humanity. Humanity is an ocean; if a few drops of the ocean are dirty, the ocean does not become dirty."},
    {"qid":"10","quote": "As human begins, our greatness lies not so much in being able to remake the world- that is the myth of the atomic age- as in being able to remake ourselves."}
  ]
}