{
  "tag": "Motivational Quotes",
  "about": "Swami Vivekanand",
  "no_of_quotes": "10",
  "quotes": [
    {"qid":"1","quote": "Anything that makes you weak physically, intellectually and spiritually, reject as poison."},
    {"qid":"2","quote": "You have to grow from the inside out. None can teach you, none can make you spiritual. There is no other teacher but your own soul."},
    {"qid":"3","quote": "Like me or Hate me, both are in my favour, If you like me I am in your Heart, If you hate me I am in your mind."},
    {"qid":"4","quote": "BY the study of different religions we find that in essence they are one."},
    {"qid":"5","quote": "Where can we go to find God if we cannot see Him in our own hearts and in every living being."},
    {"qid":"6","quote": "Fill the brain with high thoughts, highest ideals place them day and night before you and out of that  will come great work."},
    {"qid":"7","quote": "Where can we go to find God if we cannot see Him in our own hearts and in every living being."},
    {"qid":"8","quote": "Relationships are more important than life , but it is important for those relationships to have life in them."},
    {"qid":"9","quote": "Talk to yourself at  least  once in a Day.Otherwise you may miss a meeting with an EXCELLENT person in this World."},
    {"qid":"10","quote": "Who is helping you, don't forget them. Who is loving you, don't hate them. Who is believing you, don't cheat them."}
  ]
}